id,titulo,categoria,fecha,fecha_limite,municipios,url,area_km2,riesgo_medio,riesgo_max,mes_pico,pct_celdas_con_infra,max_electro,max_col_lin,max_col_aer
BOC-2026-6520,Información pública del expediente de solicitud de autorización para construcción del parque eólico Somalona-Las Quemadas y sus infraestruct,eolica,2026-08-19,2026-09-09,"Campoo de Enmedio, Valdeprado del Río, Valdeolea",https://boc.cantabria.es/boces/verAnuncioAction.do?idAnuBlob=439416,264.2,25.5,329.2,sep,35.3,321.3,328.6,8.1
BOC-2026-6631,Información pública del expediente de solicitud de autorización administrativa previa y declaración de impacto ambiental del proyecto del pa,eolica,2026-08-21,2026-10-05,Campoo de Enmedio,https://boc.cantabria.es/boces/verAnuncioAction.do?idAnuBlob=439619,91.1,34.9,254.6,ago,34.8,175.8,328.6,8.1
BOE-B-2026-28317,"Anuncio de la Autoridad Portuaria de Santander, por el que se somete a información pública la solicitud presentada por Iberdrola Clientes, S",puertos_costas,2026-09-01,2026-09-29,Santander,https://www.boe.es/diario_boe/txt.php?id=BOE-B-2026-28317,35.6,7.6,89.5,jun,24.6,127.1,79.7,0.0
BOC-2026-5932,Información pública del expediente de solicitud de autorización administrativa previa y autorización administrativa de construcción del proy,hidrogeno_baterias,2026-07-27,2026-08-25,Camargo,https://boc.cantabria.es/boces/verAnuncioAction.do?idAnuBlob=438504,37.1,8.7,87.0,jun,70.0,105.0,79.7,0.0
BOC-2026-6734,Información pública del expediente de solicitud de autorización para planta de valorización y tratamiento de residuos de construcción y demo,urbanismo_industria,2026-08-28,2026-09-21,Camargo,https://boc.cantabria.es/boces/verAnuncioAction.do?idAnuBlob=439796,37.1,8.7,87.0,jun,70.0,105.0,79.7,0.0
BOE-B-2026-27789,Anuncio del ADIF-Alta Velocidad para la subsanación de errores en la Información Pública a efectos de declaración de la necesidad de ocupaci,transporte,2026-08-25,2026-10-06,"Lantarón, Ribera Baja",https://www.boe.es/diario_boe/txt.php?id=BOE-B-2026-27789,93.2,13.3,69.3,nov,39.3,26.1,124.5,0.0
BOE-B-2026-27790,Anuncio de la Demarcación de Carreteras del Estado en Extremadura por el que se publica la Resolución de la Dirección General de Carreteras ,transporte,2026-08-25,2026-10-06,Herrera del Duque,https://www.boe.es/diario_boe/txt.php?id=BOE-B-2026-27790,277.7,,,,,,,
BOE-B-2026-27793,"Anuncio de la Confederación Hidrográfica del Guadalquivir, O.A., de información pública de procedimiento de concesión de aguas públicas para",hidraulica,2026-08-25,2026-09-22,Adamuz,https://www.boe.es/diario_boe/txt.php?id=BOE-B-2026-27793,335.4,,,,,,,
BOE-B-2026-27794,"Anuncio de la Confederación Hidrográfica del Miño-Sil, O.A. de información pública del expediente de autorización para la navegación de dos ",hidraulica,2026-08-25,2026-10-06,"O Saviñao, Chantada, Carballedo, Pantón, Monforte de Lemos, Sober",https://www.boe.es/diario_boe/txt.php?id=BOE-B-2026-27794,988.8,,,,,,,
BOE-B-2026-27838,Anuncio de la Demarcación de Carreteras del Estado en Aragón sobre aprobación provisional e incoación del expediente de Información Pública ,transporte,2026-08-26,2026-10-07,"El Burgo de Ebro, Fuentes de Ebro",https://www.boe.es/diario_boe/txt.php?id=BOE-B-2026-27838,166.7,,,,,,,
BOE-B-2026-27851,Anuncio de la Demarcación de Costas de Canarias en el trámite de información pública sobre expedientes de concesión para la determinación de,puertos_costas,2026-08-26,2026-09-23,La Oliva,https://www.boe.es/diario_boe/txt.php?id=BOE-B-2026-27851,360.9,,,,,,,
BOE-B-2026-27916,Anuncio de la Presidencia de la Autoridad Portuaria de Baleares por el que se hace pública la resolución por la que se declara la suspensión,puertos_costas,2026-08-27,2026-09-24,Palma,https://www.boe.es/diario_boe/txt.php?id=BOE-B-2026-27916,209.0,,,,,,,
BOE-B-2026-27922,"Anuncio del Área de Industria y Energía de la Subdelegación del Gobierno en Palencia , por el que se somete a información pública la solicit",eolica,2026-08-27,2026-10-08,"Palencia, Fuentes de Valdepero, Husillos",https://www.boe.es/diario_boe/txt.php?id=BOE-B-2026-27922,154.4,,,,,,,
BOE-B-2026-28210,"Resolución de la Dirección General de Desarrollo Rural, Innovación y Formación Agroalimentaria por la que se somete a Información Pública la",hidraulica,2026-08-31,2026-10-13,"Arnedo, Quel",https://www.boe.es/diario_boe/txt.php?id=BOE-B-2026-28210,140.3,,,,,,,
BOE-B-2026-28211,"Anuncio de la Dependencia de Industria y Energía de la Subdelegación del Gobierno en Albacete, por el que se somete al trámite de Informació",eolica,2026-08-31,2026-09-21,Corral-Rubio,https://www.boe.es/diario_boe/txt.php?id=BOE-B-2026-28211,95.6,,,,,,,
BOE-B-2026-28212,"Anuncio del Área Funcional de Industria y Energía de la Delegación del Gobierno en Madrid, por el que se somete a información pública la sol",red_electrica,2026-08-31,2026-10-13,"Cercedilla, Navacerrada, Rascafría, Real Sitio San Ildefonso",https://www.boe.es/diario_boe/txt.php?id=BOE-B-2026-28212,212.9,,,,,,,
BOE-B-2026-28216,Anuncio del Servicio Provincial de Costas en Lugo de información pública sobre expedientes de concesión administrativa de bienes de dominio ,puertos_costas,2026-08-31,2026-09-28,Viveiro,https://www.boe.es/diario_boe/txt.php?id=BOE-B-2026-28216,108.5,,,,,,,
BOE-B-2026-28327,"Anuncio del Área Funcional de Industria y Energía de la Subdelegación del Gobierno en A Coruña, por el que se somete, al trámite de Informac",red_electrica,2026-09-01,2026-10-14,"As Pontes de García Rodríguez, As Somozas, San Sadurniño",https://www.boe.es/diario_boe/txt.php?id=BOE-B-2026-28327,420.4,,,,,,,
BOE-B-2026-28404,Anuncio de la Demarcación de Carreteras del Estado en Cataluña de Resolución de los trámites de audiencia e información pública relativos a ,transporte,2026-09-02,2026-09-30,"Sant Jaume dels Domenys, Santa Oliva, El Vendrell, Torredembarra, Altafulla, La Riera de Gaia",https://www.boe.es/diario_boe/txt.php?id=BOE-B-2026-28404,95.4,,,,,,,
